case,contact,contact_type,date,tags,geography
CS001,Contact001,Household,22/09/2020,school; care home,Aberdeen city
CS001,Contact002,Household,22/09/2020,school; care home,Aberdeen city
CS001,CS003,Household,22/09/2020,school; care home,Aberdeen city
CS001,Contact004,Non-Household,22/09/2020,school; care home,Aberdeen city
CS008,CS009,Household,26/09/2020,fish,Peterhead
CS008,CS010,Household,26/09/2020,fish,Peterhead
CS008,Contact34,Non-Household,26/09/2020,fish,Peterhead
CS008,Contact006,Non-Household,26/09/2020,fish,Peterhead
CS009,CS008,Household,26/09/2020,fish,Peterhead
CS009,CS010,Household,26/09/2020,fish,Peterhead
CS009,Contact034,Non-Household,26/09/2020,fish,Peterhead
CS009,Contact035,Non-Household,26/09/2020,fish,Peterhead
CS009,Contact036,Non-Household,26/09/2020,fish,Peterhead
CS011,CS012,Household,26/09/2020,fish,Peterhead
CS011,Contact037,Non-Household,26/09/2020,fish,Peterhead
CS011,Contact038,Non-Household,26/09/2020,fish,Peterhead
CS011,Contact039,Non-Household,26/09/2020,fish,Peterhead
CS002,Contact005,Non-Household,28/09/2020,care home,Aberdeenshire
CS002,Contact006,Non-Household,28/09/2020,care home,Aberdeenshire
CS002,Contact007,Non-Household,28/09/2020,care home,Aberdeenshire
CS002,Contact078,Non-Household,28/09/2020,care home,Aberdeenshire
CS002,Contact009,Non-Household,28/09/2020,care home,Aberdeenshire
CS002,Contact010,Household,28/09/2020,care home,Aberdeenshire
CS002,Contact011,Household,28/09/2020,care home,Aberdeenshire
CS002,Contact012,Household,28/09/2020,care home,Aberdeenshire
CS003,Contact100,Household,29/09/2020,university,Aberdeen city
CS003,Contact101,Non-Household,29/09/2020,university,Aberdeen city
CS004,Contact102,Non-Household,29/09/2020,university,Aberdeen city
CS004,Contact075,Household,29/09/2020,university,Aberdeen city
CS004,Contact016,Household,29/09/2020,university,Aberdeen city
CS004,Contact017,Household,29/09/2020,university,Aberdeen city
CS004,Contact018,Non-Household,29/09/2020,university,Aberdeen city
CS004,Contact019,Non-Household,29/09/2020,university,Aberdeen city
CS004,Contact020,Non-Household,29/09/2020,university,Aberdeen city
CS004,Contact021,Non-Household,29/09/2020,university,Aberdeen city
CS004,Contact022,Non-Household,29/09/2020,university,Aberdeen city
CS005,Contact045,Household,01/10/2020,university,Aberdeen city
CS005,CS011,Non-Household,01/10/2020,university,Aberdeen city
CS005,Contact056,Household,01/10/2020,university,Aberdeen city
CS005,CS090,Household,01/10/2020,university,Aberdeen city
CS006,Contact016,Household,01/10/2020,care home,Aberdeen city
CS006,Contact017,Household,01/10/2020,care home,Aberdeen city
CS006,Contact018,Household,01/10/2020,care home,Aberdeen city
CS006,Contact019,Non-Household,01/10/2020,care home,Aberdeen city
CS006,Contact008,Non-Household,01/10/2020,care home,Aberdeen city
CS007,Contact020,Non-Household,01/10/2020,fish; school,Peterhead
CS007,Contact021,Non-Household,01/10/2020,fish; school,Peterhead
CS007,Contact022,Non-Household,01/10/2020,fish; school,Peterhead
CS007,Contact023,Non-Household,01/10/2020,fish; school,Peterhead
CS007,Contact024,Non-Household,01/10/2020,fish; school,Peterhead
CS007,Contact025,Non-Household,01/10/2020,fish; school,Peterhead
CS007,Contact026,Non-Household,01/10/2020,fish; school,Peterhead
CS007,Contact027,Non-Household,01/10/2020,fish; school,Peterhead
CS007,Contact028,Non-Household,01/10/2020,fish; school,Peterhead
CS007,Contact029,Non-Household,01/10/2020,fish; school,Peterhead
CS007,Contact030,Non-Household,01/10/2020,fish; school,Peterhead
CS007,Contact031,Non-Household,01/10/2020,fish; school,Peterhead
CS007,Contact032,Non-Household,01/10/2020,fish; school,Peterhead
CS013,CS003,Non-Household,01/10/2020,university,RGU; Aberdeen city
CS013,CS014,Household,01/10/2020,university,RGU; Aberdeen city
CS013,Contact033,Household,01/10/2020,university,RGU; Aberdeen city
CS013,Contact034,Household,01/10/2020,university,RGU; Aberdeen city
CS013,Contact035,Non-Household,01/10/2020,university,RGU; Aberdeen city
CS013,Contact036,Non-Household,01/10/2020,university,RGU; Aberdeen city
CS015,Contact050,Household,14/09/2020,university; care home,RGU; Aberdeen city
CS015,Contact051,Household,14/09/2020,university; care home,RGU; Aberdeen city
CS015,Contact052,Non-Household,14/09/2020,university; care home,RGU; Aberdeen city
CS015,Contact053,Non-Household,14/09/2020,university; care home,RGU; Aberdeen city
CS015,Contact054,Non-Household,14/09/2020,university; care home,RGU; Aberdeen city
